"Year","Taxon","Common","Low_Plant","High_Plant","County","x","y","description"
1905,"Cordylanthus mollis ssp. mollis","Soft bird's-beak",,1000,,37.71717,-122.503487,"Iceplant was widely planted in the early 1900s to stabilize sand dunes."
1930,"Symphyotrichum lentum","Suisun marsh aster",,1000,,37.901432,-120.856028,"The first published record of perennial pepperweed in California is from 1936, when it was collected on a ranch north of Oakdale in Stanislaus County."
1935,"Cordylanthus mollis ssp. hispidus","Hispid bird's-beak",,1,"Marin",37.927837,-122.58021,
1936,"Cordylanthus mollis ssp. mollis","Soft bird's-beak",,1,"Marin",37.9110234,-122.6055765,
1938,"Chloropyron molle ssp. molle","Soft bird's-beak",,1,"Marin",37.9122,-122.5933,
1942,"Cordylanthus mollis ssp. mollis","Soft bird's-beak",,1,"Marin",37.9255727,-122.6107907,
1944,"Chloropyron molle ssp. molle","Soft bird's-beak",,1,"Marin",37.9455173,-122.6103401,
1945,"Cordylanthus mollis ssp. mollis","Soft bird's-beak",,1,"Marin",38.1557,-122.5646,
1945,"Chloropyron molle ssp. molle","Soft bird's-beak",,1,"Marin",38.1557,-122.5646,
1945,"Cordylanthus mollis","Soft bird's beak",,1,"Marin",38.1557,-122.5646,
1945,"Cordylanthus mollis ssp. mollis","Soft bird's-beak",,1,"Marin",38.1557,-122.5646,
1945,"Cordylanthus mollis ssp. hispidus","Hispid bird's-beak",,1,"Marin",38.1557,-122.5646,
1945,"Cordylanthus mollis ssp. hispidus","Hispid bird's-beak",,1,"Marin",38.1557,-122.5646,
1950,"Cordylanthus mollis ssp. hispidus","Hispid bird's-beak",,1,"Marin",37.9129,-122.5997,
1950,"Cordylanthus mollis ssp. hispidus","Hispid bird's-beak",,1,"Marin",37.9128856,-122.5922727,
1950,"Cordylanthus mollis ssp. hispidus","Hispid bird's-beak",,1,"Marin",37.9110234,-122.6055765,
1958,"Chloropyron molle ssp. hispidum","Hispid bird's-beak",,1,"Marin",37.9165,-122.5942,
1958,"Cordylanthus mollis ssp. hispidus","Hispid bird's-beak",,1,"Marin",37.9273,-122.59169,
1958,"Cordylanthus mollis ssp. hispidus","Hispid bird's-beak",,1,"Marin",38.1581,-122.5642,
1958,"Cordylanthus mollis ssp. hispidus","Hispid bird's-beak",,1,"Marin",38.15717,-122.55462,
1961,"Cordylanthus mollis ssp. hispidus","Hispid bird's-beak",,1,"Marin",37.884221,-122.472254,
1961,"Cordylanthus mollis ssp. hispidus","Hispid bird's-beak",,1,"Marin",37.884221,-122.472254,
1966,"Cordylanthus mollis ssp. hispidus","Hispid bird's-beak",,1,"Marin",38.157997,-122.562904,
1971,"Cirsium hydrophilum var. vaseyi","Mt. tamalpais thistle",,1,"Marin",37.8743,-122.4551,
1971,"Cirsium hydrophilum var. vaseyi","Mt. tamalpais thistle",,1,"Marin",37.9321,-122.51,
1972,"Cirsium hydrophilum var. vaseyi","Mt. tamalpais thistle",,1,"Marin",38.204593,-122.783945,
1972,"Cirsium hydrophilum var. vaseyi","Mt. tamalpais thistle",,1,"Marin",38.204593,-122.783945,
1974,"Cirsium hydrophilum var. vaseyi","Mt. tamalpais thistle",,1,"Marin",37.9127778,-122.5963889,
1978,"Cirsium hydrophilum var. vaseyi","Mt. tamalpais thistle",,1,"Marin",37.89619,-122.60279,
1978,"Cirsium hydrophilum var. vaseyi","Mt. tamalpais thistle",,1,"Marin",37.89619,-122.60279,
1978,"Cirsium hydrophilum var. vaseyi","Mt. tamalpais thistle",,"1+","San Mateo","37.56442","-122.51354",
1978,"Cirsium hydrophilum var. vaseyi","Mt. tamalpais thistle",,"1+","San Mateo","37.56298","-122.50149",
1980,"Cirsium hydrophilum var. vaseyi","Mt. tamalpais thistle",,"1+","Marin","37.86183","-122.43099",
1980,"Cirsium hydrophilum var. vaseyi","Mt. tamalpais thistle",,"1+","Marin","37.9060368","-122.5449763",
1983,"Cirsium hydrophilum var. vaseyi","Mt. tamalpais thistle",,1,"Alameda",37.71866,-121.7379,
1983,"Cirsium hydrophilum var. vaseyi","Mt. tamalpais thistle",,1,"Alameda",37.7298,-121.7413,
1983,"Cirsium hydrophilum var. vaseyi","Mt. tamalpais thistle",,1,"Alameda",37.71866,-121.7379,
1985,"Cirsium hydrophilum","Suisun thistle",,1,"Alameda",37.7233,-121.7486,
1985,"Cirsium hydrophilum var. vaseyi","Mt. tamalpais thistle",,1,"Marin",37.968951,-122.644487,
1986,"Cirsium hydrophilum var. vaseyi","Mt. tamalpais thistle",,1,"Alameda",37.6933333,-121.7597222,
1987,"Cirsium hydrophilum var. vaseyi","Mt. tamalpais thistle",,1,"Marin",37.9274,-122.592,
1989,"Cirsium hydrophilum var. vaseyi","Mt. tamalpais thistle",,"1+","San Mateo","37.2638","-122.404",
1990,"Cirsium hydrophilum var. vaseyi","Mt. tamalpais thistle",,1,"San Francisco",37.7976,-122.4649,
1990,"Cirsium hydrophilum var. vaseyi","Mt. tamalpais thistle",,1,"San Francisco",37.7976,-122.4649,
1991,"Cirsium hydrophilum var. vaseyi","Mt. tamalpais thistle",,1,"Alameda",37.73111,-122.22583,
1993,"Cirsium hydrophilum var. vaseyi","Mt. tamalpais thistle",,1,"Marin",38.11444,-122.50833,
1994,"Cirsium hydrophilum var. vaseyi","Mt. tamalpais thistle",,"1+","San Francisco","37.7889","-122.46889",
1994,"Cirsium hydrophilum var. vaseyi","Mt. tamalpais thistle",,"1+","San Francisco","37.79094","-122.474174",
1994,"Cirsium hydrophilum var. vaseyi","Mt. tamalpais thistle",,"1+","San Francisco","37.790036","-122.473533",
1994,"Cirsium hydrophilum var. vaseyi","Mt. tamalpais thistle",,"1+","San Francisco","37.791392","-122.47441",
1994,"Cirsium hydrophilum var. vaseyi","Mt. tamalpais thistle",,"1+","San Francisco","37.790214","-122.473135",
1994,"Cirsium hydrophilum var. vaseyi","Mt. tamalpais thistle",,"1+","San Francisco","37.790847","-122.473403",
1994,"Cirsium hydrophilum var. vaseyi","Mt. tamalpais thistle",,"1+","San Francisco","37.790681","-122.456856",
1994,"Cirsium hydrophilum var. vaseyi","Mt. tamalpais thistle",,"1+","San Francisco","37.788087","-122.47918",
1994,"Cirsium hydrophilum var. vaseyi","Mt. tamalpais thistle",,"1+","San Francisco","37.802427","-122.463199",
1994,"Lepidium latifolium","Perennial pepperweed",,"1+","San Francisco","37.804945","-122.45791",
1994,"Lepidium latifolium","Perennial pepperweed",,"1+","San Francisco","37.788087","-122.47918",
1994,"Lepidium latifolium","Perennial pepperweed",,"1+","San Francisco","37.794934","-122.460471",
1994,"Lepidium latifolium","Perennial pepperweed",,"1+","San Francisco","37.793259","-122.458813",
1994,"Lepidium latifolium","Perennial pepperweed",,"1+","San Francisco","37.794934","-122.460471",
1994,"Lepidium latifolium","Perennial pepperweed",,"1+","San Francisco","37.793259","-122.458813",
1994,"Lepidium latifolium","Perennial pepperweed",,"1+","San Francisco","37.804547","-122.473419",
1994,"Lepidium latifolium","Perennial pepperweed",,"1+","San Francisco","37.79943","-122.478181",
1994,"Lepidium latifolium","Perennial pepperweed",,"1+","San Francisco","37.791849","-122.47594",
1994,"Lepidium latifolium","Perennial pepperweed",,"1+","San Francisco","37.79664","-122.47878",
1994,"Lepidium latifolium","Perennial pepperweed",,"1+","San Francisco","37.794541","-122.453329",
1994,"Lepidium latifolium","Perennial pepperweed",,"1+","San Francisco","37.804201","-122.476875",
1994,"Lepidium latifolium","Perennial pepperweed",,"1+","San Francisco","37.788087","-122.47918",
1994,"Lepidium latifolium","Perennial pepperweed",,"1+","San Francisco","37.79664","-122.47878",
1994,"Lepidium latifolium","Perennial pepperweed",,"1+","San Francisco","37.7889","-122.46889",
1994,"Lepidium latifolium","Perennial pepperweed",,"1+","San Francisco","37.800291","-122.471132",
1994,"Lepidium latifolium","Perennial pepperweed",,"1+","San Francisco","37.793768","-122.477743",
1994,"Lepidium latifolium","Perennial pepperweed",,"1+","San Francisco","37.7918","-122.483107",
1994,"Lepidium latifolium","Perennial pepperweed",,"1+","San Francisco","37.798079","-122.478292",
1994,"Lepidium latifolium","Perennial pepperweed",,"1+","San Francisco","37.797625","-122.477489",
1994,"Lepidium latifolium","Perennial pepperweed",,"1+","San Francisco","37.7918","-122.483107",
1994,"Lepidium latifolium","Perennial pepperweed",,"1+","San Francisco","37.800291","-122.471132",
1994,"Lepidium latifolium","Perennial pepperweed",,"1+","San Francisco","37.794101","-122.455672",
1994,"Lepidium latifolium","Perennial pepperweed",,"1+","San Francisco","37.79196","-122.45262",
1994,"Lepidium latifolium","Perennial pepperweed",,"1+","San Francisco","37.795427","-122.475733",
1994,"Lepidium latifolium","Perennial pepperweed",,"1+","San Francisco","37.791101","-122.473969",
1994,"Lepidium latifolium","Perennial pepperweed",,"1+","San Francisco","37.791101","-122.473969",
1994,"Lepidium latifolium","Perennial pepperweed",,"1+","San Francisco","37.791101","-122.473969",
1994,"Lepidium latifolium","Perennial pepperweed",,1,"Alameda",37.7729,-122.2758,
1994,"Lepidium latifolium","Perennial pepperweed",,1,"Alameda",37.7729,-122.2758,
1995,"Lepidium latifolium","Perennial pepperweed",,"1+","San Francisco","37.796458","-122.478599",
1995,"Lepidium latifolium","Perennial pepperweed",,"1+","San Francisco","37.8","-122.468",
1996,"Lepidium latifolium","Perennial pepperweed",,"1+","San Francisco","37.790036","-122.473533",
1996,"Lepidium latifolium","Perennial pepperweed",,"1+","San Francisco","37.790847","-122.473403",
1996,"Lepidium latifolium","Perennial pepperweed",,"1+","San Francisco","37.79094","-122.474174",
1996,"Lepidium latifolium","Perennial pepperweed",,1,"Marin",37.925594,-122.6053,
1997,"Lepidium latifolium","Perennial pepperweed",,1,"Alameda",37.81667,-122.3,
1997,"Lepidium latifolium","Perennial pepperweed",,"1+","Alameda","37.81667","-122.3",
1997,"Lepidium latifolium","Perennial pepperweed",,"1+","San Francisco","37.793768","-122.477743",
1997,"Lepidium latifolium","Perennial pepperweed",,"1+","San Francisco","37.802669","-122.478749",
1997,"Lepidium latifolium","Perennial pepperweed",,"1+","San Francisco","37.791392","-122.47441",
1997,"Lepidium latifolium","Perennial pepperweed",,"1+","San Francisco","37.795363","-122.475699",
1997,"Lepidium latifolium","Perennial pepperweed",,"1+","San Francisco","37.795358","-122.474552",
1997,"Lepidium latifolium","Perennial pepperweed",,1,"Marin",37.971,-122.5113,
1998,"Lepidium latifolium","Perennial pepperweed",,"1+","San Francisco","37.797723","-122.479351",
1999,"Lepidium latifolium","Perennial pepperweed",,1,"Marin",38.004,-122.656,
1999,"Lepidium latifolium","Perennial pepperweed",,1,"Alameda",37.71866,-121.7379,
2000,"Lepidium latifolium","Perennial pepperweed",,"1+","Marin","38.1087","-122.8498",
2000,"Lepidium latifolium","Perennial pepperweed",,1,"Alameda",37.71922,-121.73731,
2000,"Lepidium latifolium","Perennial pepperweed",,1,"Marin",38.207156,-122.752359,
2000,"Lepidium latifolium","Perennial pepperweed",,1,"Marin",38.207156,-122.752359,
2000,"Lepidium latifolium","Perennial pepperweed",,1,"Alameda",37.8027,-122.2655,
2000,"Lepidium latifolium","Perennial pepperweed",,1,"Alameda",37.8027,-122.2655,
2001,"Lepidium latifolium","Perennial pepperweed",,"1+","San Mateo","37.56931","-122.499918",
2001,"Lepidium latifolium","Perennial pepperweed",,"1+","Marin","38.02513841","-122.8798073",
2001,"Lepidium latifolium","Perennial pepperweed",,1,"Marin",38.10022145,-122.54112104,
2001,"Lepidium latifolium","Perennial pepperweed",,"1+","Marin","37.99732233","-123.0124373",
2001,"Lepidium latifolium","Perennial pepperweed",,"1+","Marin","38.01538476","-123.003862",
2001,"Lepidium latifolium","Perennial pepperweed",,"1+","Marin","38.02195412","-122.8688066",
2001,"Lepidium latifolium","Perennial pepperweed",,"1+","Marin","37.99732233","-123.0124373",
2001,"Lepidium latifolium","Perennial pepperweed",,"1+","Marin","38.02513841","-122.8798073",
2001,"Lepidium latifolium","Perennial pepperweed",,"1+","Marin","38.02513841","-122.8798073",
2001,"Lepidium latifolium","Perennial pepperweed",,"1+","San Francisco","37.7889","-122.46889",
2001,"Lepidium latifolium","Perennial pepperweed",,"1+","San Francisco","37.79839","-122.44739",
2001,"Lepidium latifolium","Perennial pepperweed",,"1+","Marin","38.15391167","-122.9087356",
2001,"Lepidium latifolium","Perennial pepperweed",,"1+","Marin","38.18151438","-122.9306695",
2001,"Lepidium latifolium","Perennial pepperweed",,"1+","Marin","38.18926938","-122.9380961",
2001,"Lepidium latifolium","Perennial pepperweed",,"1+","San Francisco","37.794541","-122.453329",
2001,"Lepidium latifolium","Perennial pepperweed",,"1+","Marin","38.02513841","-122.8798073",
2001,"Lepidium latifolium","Perennial pepperweed",,1,"Marin",37.9333333,-122.6833333,
2001,"Lepidium latifolium","Perennial pepperweed",,1,"Marin",37.9333333,-122.6833333,
2001,"Lepidium latifolium","Perennial pepperweed",,"1+","San Francisco","37.794101","-122.455672",
2001,"Lepidium latifolium","Perennial pepperweed",,"1+","Marin","37.99732233","-123.0124373",
2001,"Lepidium latifolium","Perennial pepperweed",,"1+","San Francisco","37.794101","-122.455672",
2001,"Lepidium latifolium","Perennial pepperweed",,"1+","San Francisco","37.796368","-122.454815",
2001,"Lepidium latifolium","Perennial pepperweed",,"1+","Marin","37.99910696","-123.0117656",
2001,"Lepidium latifolium","Perennial pepperweed",,"1+","Marin","38.01538476","-123.003862",
2001,"Lepidium latifolium","Perennial pepperweed",,"1+","Marin","37.99910696","-123.0117656",
2001,"Lepidium latifolium","Perennial pepperweed",,"1+","Marin","38.01538476","-123.003862",
2001,"Lepidium latifolium","Perennial pepperweed",,"1+","Marin","38.02513841","-122.8798073",
2001,"Lepidium latifolium","Perennial pepperweed",,"1+","Marin","38.02513841","-122.8798073",
2001,"Lepidium latifolium","Perennial pepperweed",,"1+","Marin","38.02513841","-122.8798073",
2001,"Lepidium latifolium","Perennial pepperweed",,"1+","Marin","38.02513841","-122.8798073",
2002,"Lepidium latifolium","Perennial pepperweed",,1,"Alameda",37.71866,-121.7379,
2002,"Lepidium latifolium","Perennial pepperweed",,"1+","Marin","38.02513841","-122.8798073",
2002,"Lepidium latifolium","Perennial pepperweed",,"1+","San Francisco","37.807089","-122.477718",
2002,"Lepidium latifolium","Perennial pepperweed",,"1+","Marin","38.02513841","-122.8798073",
2002,"Lepidium latifolium","Perennial pepperweed",,"1+","Marin","38.02195412","-122.8688066",
2002,"Lepidium latifolium","Perennial pepperweed",,"1+","San Francisco","37.802669","-122.478749",
2002,"Lepidium latifolium","Perennial pepperweed",,"1+","San Francisco","37.791849","-122.47594",
2002,"Lepidium latifolium","Perennial pepperweed",,"1+","San Francisco","37.788087","-122.47918",
2002,"Lepidium latifolium","Perennial pepperweed",,"1+","San Francisco","37.790143","-122.477417",
2002,"Lepidium latifolium","Perennial pepperweed",,"1+","Marin","37.99732233","-123.0124373",
2002,"Lepidium latifolium","Perennial pepperweed",,"1+","San Francisco","37.78798","-122.477296",
2002,"Lepidium latifolium","Perennial pepperweed",,"1+","San Francisco","37.78817","-122.479645",
2002,"Lepidium latifolium","Perennial pepperweed",,"1+","San Francisco","37.793768","-122.477743",
2002,"Lepidium latifolium","Perennial pepperweed",,"1+","San Francisco","37.793768","-122.477743",
2002,"Lepidium latifolium","Perennial pepperweed",,1,"San Mateo",37.4841,-122.2172,
2002,"Lepidium latifolium","Perennial pepperweed",,1,"San Mateo",37.4985,-122.2172,
2002,"Lepidium latifolium","Perennial pepperweed",,"1+","San Francisco","37.796528","-122.480268",
2002,"Lepidium latifolium","Perennial pepperweed",,"1+","Marin","37.99907099","-123.0108772",
2002,"Lepidium latifolium","Perennial pepperweed",,"1+","San Francisco","37.795358","-122.474552",
2002,"Lepidium latifolium","Perennial pepperweed",,"1+","San Francisco","37.795719","-122.47464",
2002,"Lepidium latifolium","Perennial pepperweed",,"1+","San Francisco","37.802427","-122.463199",
2002,"Lepidium latifolium","Perennial pepperweed",,"1+","San Francisco","37.803714","-122.46873",
2002,"Lepidium latifolium","Perennial pepperweed",,"1+","San Francisco","37.788087","-122.47918",
2002,"Lepidium latifolium","Perennial pepperweed",,"1+","San Francisco","37.804945","-122.45791",
2002,"Lepidium latifolium","Perennial pepperweed",,"1+","San Francisco","37.79943","-122.478181",
2002,"Lepidium latifolium","Perennial pepperweed",,"1+","San Francisco","37.793553","-122.473929",
2002,"Lepidium latifolium","Perennial pepperweed",,"1+","San Francisco","37.793259","-122.458813",
2002,"Lepidium latifolium","Perennial pepperweed",,"1+","San Francisco","37.803714","-122.46873",
2002,"Lepidium latifolium","Perennial pepperweed",,"1+","San Francisco","37.825666","-122.42192",
2002,"Lepidium latifolium","Perennial pepperweed",,"1+","Marin","38.02907389","-122.87677",
2002,"Lepidium latifolium","Perennial pepperweed",,"1+","Marin","37.99809724","-123.0142028",
2003,"Lepidium latifolium","Perennial pepperweed",,"1+","Marin","38.01757993","-122.51152459",
2003,"Lepidium latifolium","Perennial pepperweed",,"1+","Marin","38.01564348","-122.50936509",
2003,"Lepidium latifolium","Perennial pepperweed",,"1+","Marin","38.01763506","-122.51348672",
2003,"Lepidium latifolium","Perennial pepperweed",,"1+","Marin","37.99688089","-123.0105238",
2003,"Lepidium latifolium","Perennial pepperweed",,1,"Alameda",37.71866,-121.7379,
2003,"Lepidium latifolium","Perennial pepperweed",,"1+","Marin","37.99688089","-123.0105238",
2003,"Lepidium latifolium","Perennial pepperweed",,"1+","Marin","37.99753761","-123.0199202",
2003,"Lepidium latifolium","Perennial pepperweed",,"1+","Marin","37.88962456","-122.52318623",
2003,"Lepidium latifolium","Perennial pepperweed",,"1+","Marin","37.89189628","-122.52507527",
2003,"Lepidium latifolium","Perennial pepperweed",,"1+","Marin","37.8873126","-122.52138482",
2003,"Lepidium latifolium","Perennial pepperweed",,"1+","Marin","37.88714814","-122.52419101",
2003,"Lepidium latifolium","Perennial pepperweed",,"1+","Marin","37.88563558","-122.52170293",
2003,"Lepidium latifolium","Perennial pepperweed",,"1+","Marin","37.99688089","-123.0105238",
2003,"Lepidium latifolium","Perennial pepperweed",,"1+","Marin","37.99889959","-123.0124489",
2003,"Lepidium latifolium","Perennial pepperweed",,1,"Alameda",37.552335,-122.093811,
2003,"Lepidium latifolium","Perennial pepperweed",,"1+","Alameda","37.764879","-122.117843",
2003,"Lepidium latifolium","Perennial pepperweed",,1,"Alameda",37.71866,-121.7379,
2003,"Lepidium latifolium","Perennial pepperweed",,"1+","Marin","37.996502","-123.0138494",
2003,"Lepidium latifolium","Perennial pepperweed",,"1+","Marin","37.996502","-123.0138494",
2003,"Lepidium latifolium","Perennial pepperweed",,"1+","Marin","37.996502","-123.0138494",
2003,"Lepidium latifolium","Perennial pepperweed",,"1+","Marin","37.996502","-123.0138494",
2003,"Lepidium latifolium","Perennial pepperweed",,"1+","Marin","37.996502","-123.0138494",
2003,"Lepidium latifolium","Perennial pepperweed",,"1+","Marin","37.996502","-123.0138494",
2003,"Lepidium latifolium","Perennial pepperweed",,"1+","Marin","37.99907099","-123.0108772",
2003,"Lepidium latifolium","Perennial pepperweed",,"1+","Marin","37.99732104","-123.0214008",
2003,"Lepidium latifolium","Perennial pepperweed",,"1+","Marin","37.99753761","-123.0199202",
2003,"Lepidium latifolium","Perennial pepperweed",,"1+","Marin","37.99753761","-123.0199202",
2003,"Lepidium latifolium","Perennial pepperweed",,"1+","Marin","37.99753761","-123.0199202",
2003,"Lepidium latifolium","Perennial pepperweed",,"1+","Marin","37.99753761","-123.0199202",
2003,"Lepidium latifolium","Perennial pepperweed",,"1+","Marin","37.99753761","-123.0199202",
2003,"Lepidium latifolium","Perennial pepperweed",,"1+","Marin","37.99753761","-123.0199202",
2003,"Lepidium latifolium","Perennial pepperweed",,"1+","Marin","37.99753761","-123.0199202",
2003,"Lepidium latifolium","Perennial pepperweed",,"1+","Marin","37.99752003","-123.0170842",
2004,"Lepidium latifolium","Perennial pepperweed",,"0","Marin","38.01517116","-122.50930813",
2004,"Lepidium latifolium","Perennial pepperweed",,"0","Marin","38.01627462","-122.51005628",
2004,"Lepidium latifolium","Perennial pepperweed",,"1+","Marin","37.99631193","-123.0194871",
2004,"Lepidium latifolium","Perennial pepperweed",,"1+","Marin","37.99643846","-123.017232",
2004,"Lepidium latifolium","Perennial pepperweed",,"1+","Marin","37.996502","-123.0138494",
2004,"Lepidium latifolium","Perennial pepperweed",,1,"Marin",37.913,-122.603,
2004,"Lepidium latifolium","Perennial pepperweed",,"1+","Marin","37.99752003","-123.0170842",
2004,"Lepidium latifolium","Perennial pepperweed",,"1+","Marin","37.99753761","-123.0199202",
2004,"Lepidium latifolium","Perennial pepperweed",,"1+","Marin","37.99753761","-123.0199202",
2004,"Lepidium latifolium","Perennial pepperweed",,"1+","Marin","37.99809724","-123.0142028",
2004,"Lepidium latifolium","Perennial pepperweed",,"1+","Marin","37.91903625","-122.49505934",
2004,"Lepidium latifolium","Perennial pepperweed",,"1+","Marin","37.99809724","-123.0142028",
2004,"Lepidium latifolium","Perennial pepperweed",,"1+","Marin","38.251","-122.964",
2004,"Lepidium latifolium","Perennial pepperweed",,"1+","San Francisco","37.797625","-122.477489",
2004,"Lepidium latifolium","Perennial pepperweed",,"1+","Marin","37.99809724","-123.0142028",
2004,"Lepidium latifolium","Perennial pepperweed",,"1+","Marin","37.99809724","-123.0142028",
2004,"Lepidium latifolium","Perennial pepperweed",,"1+","Marin","37.99809724","-123.0142028",
2004,"Lepidium latifolium","Perennial pepperweed",,"1+","Marin","37.99809724","-123.0142028",
2004,"Lepidium latifolium","Perennial pepperweed",,"1+","Marin","37.99809724","-123.0142028",
2004,"Lepidium latifolium","Perennial pepperweed",,"1+","Marin","37.99809724","-123.0142028",
2004,"Lepidium latifolium","Perennial pepperweed",,"1+","Marin","37.99809724","-123.0142028",
2004,"Lepidium latifolium","Perennial pepperweed",,"1+","Marin","37.99809724","-123.0142028",
2004,"Lepidium latifolium","Perennial pepperweed",,"1+","Marin","37.99809724","-123.0142028",
2004,"Lepidium latifolium","Perennial pepperweed",,"1+","Marin","37.99753761","-123.0199202",
2004,"Lepidium latifolium","Perennial pepperweed",,"1+","Marin","37.99809724","-123.0142028",
2004,"Lepidium latifolium","Perennial pepperweed",,"1+","Marin","37.99907099","-123.0108772",
2004,"Lepidium latifolium","Perennial pepperweed",,"1+","Marin","38.02513841","-122.8798073",
2005,"Lepidium latifolium","Perennial pepperweed",,"1+","San Francisco","37.723308","-122.497987",
2005,"Lepidium latifolium","Perennial pepperweed",,"1+","Marin","37.99","-122.97",
2005,"Lepidium latifolium","Perennial pepperweed",,"1+","Marin","37.94","-122.74",
2005,"Lepidium latifolium","Perennial pepperweed",,"1+","San Francisco","37.78798","-122.477296",
2005,"Lepidium latifolium","Perennial pepperweed",,1,"Marin",37.962,-122.619,
2005,"Lepidium latifolium","Perennial pepperweed",,"1+","Marin","37.996502","-123.0138494",
2005,"Lepidium latifolium","Perennial pepperweed",,"1+","Marin","38.07401957","-122.9746434",
2005,"Lepidium latifolium","Perennial pepperweed",,1,"Marin",37.994268,-122.487258,
2005,"Lepidium latifolium","Perennial pepperweed",,"1+","Marin","37.994268","-122.487258",
2005,"Lepidium latifolium","Perennial pepperweed",,"1+","Marin","38.07401957","-122.9746434",
2005,"Lepidium latifolium","Perennial pepperweed",,1,"Marin",38.01860196,-122.5154544,
2005,"Lepidium latifolium","Perennial pepperweed",,"1+","Marin","38.111863","-122.944178",
2005,"Lepidium latifolium","Perennial pepperweed",,"1+","Marin","38.07401957","-122.9746434",
2005,"Lepidium latifolium","Perennial pepperweed",,1,"Alameda",37.71866,-121.7379,
2005,"Lepidium latifolium","Perennial pepperweed",,"1+","Marin","37.99907099","-123.0108772",
2005,"Lepidium latifolium","Perennial pepperweed",,"1+","Marin","38.02513841","-122.8798073",
2005,"Lepidium latifolium","Perennial pepperweed",,"1+","Marin","38.03124611","-122.9506608",
2005,"Lepidium latifolium","Perennial pepperweed",,"1+","Marin","37.91833545","-122.66999114",
2005,"Lepidium latifolium","Perennial pepperweed",,"1+","Marin","37.92949022","-122.68501676",
2005,"Lepidium latifolium","Perennial pepperweed",,"1+","Marin","37.91428921","-122.66510164",
2005,"Lepidium latifolium","Perennial pepperweed",,"1+","Marin","37.90873101","-122.65527234",
2005,"Lepidium latifolium","Perennial pepperweed",,"1+","Marin","37.93002083","-122.69639247",
2005,"Lepidium latifolium","Perennial pepperweed",,"1+","Marin","37.92709579","-122.69542673",
2006,"Lepidium latifolium","Perennial pepperweed",,"1+","Marin","37.99907099","-123.0108772",
2006,"Lepidium latifolium","Perennial pepperweed",,"1+","Marin","38.09533444","-122.9466947",
2006,"Lepidium latifolium","Perennial pepperweed",,"1+","San Francisco","37.753881","-122.470872",
2006,"Lepidium latifolium","Perennial pepperweed",,"1+","San Francisco","37.736295","-122.488804",
2006,"Lepidium latifolium","Perennial pepperweed",,"1+","San Francisco","37.720985","-122.491758",
2006,"Lepidium latifolium","Perennial pepperweed",,"1+","San Francisco","37.746571","-122.468654",
2006,"Lepidium latifolium","Perennial pepperweed",,"1+","San Francisco","37.756499","-122.471796",
2006,"Lepidium latifolium","Perennial pepperweed",,"1+","San Francisco","37.750003","-122.470366",
2006,"Lepidium latifolium","Perennial pepperweed",,"1+","San Francisco","37.740864","-122.442908",
2006,"Lepidium latifolium","Perennial pepperweed",,"1+","San Francisco","37.743158","-122.414141",
2006,"Lepidium latifolium","Perennial pepperweed",,"1+","San Francisco","37.751252","-122.447757",
2006,"Lepidium latifolium","Perennial pepperweed",,"1+","Marin","37.99688089","-123.0105238",
2006,"Lepidium latifolium","Perennial pepperweed",,"1+","Marin","37.996502","-123.0138494",
2006,"Lepidium latifolium","Perennial pepperweed",,"1+","Marin","37.996502","-123.0138494",
2006,"Lepidium latifolium","Perennial pepperweed",,"1+","Marin","38.04786611","-122.983565",
2006,"Lepidium latifolium","Perennial pepperweed",,"1+","Marin","37.996502","-123.0138494",
2006,"Lepidium latifolium","Perennial pepperweed",,"1+","Marin","37.99809724","-123.0142028",
2006,"Lepidium latifolium","Perennial pepperweed",,"1+","Marin","37.99809724","-123.0142028",
2006,"Lepidium latifolium","Perennial pepperweed",,"1+","Marin","37.99889959","-123.0124489",
2006,"Lepidium latifolium","Perennial pepperweed",,"1+","Marin","37.996502","-123.0138494",
2006,"Lepidium latifolium","Perennial pepperweed",,1,"Marin",37.92,-122.612,
2006,"Lepidium latifolium","Perennial pepperweed",,"1+","Marin","37.996502","-123.0138494",
2006,"Lepidium latifolium","Perennial pepperweed",,"1+","Marin","38.02513841","-122.8798073",
2006,"Lepidium latifolium","Perennial pepperweed",,,"Marin","37.82497167","-122.52679667",
2006,"Lepidium latifolium","Perennial pepperweed",,,"Marin","37.82547","-122.52469167",
2006,"Lepidium latifolium","Perennial pepperweed",,"0","Marin","37.83402666666667","-122.54486999999999",
2006,"Lepidium latifolium","Perennial pepperweed",,"0","Marin","37.833450000000006","-122.54455666666667",
2006,"Lepidium latifolium","Perennial pepperweed",,"0","Marin","37.83338166666667","-122.54401000000001",
2006,"Lepidium latifolium","Perennial pepperweed",,"0","Marin","37.83338166666667","-122.54401000000001",
2006,"Lepidium latifolium","Perennial pepperweed",,,"Marin","37.83402666666667","-122.54486999999999",
2006,"Lepidium latifolium","Perennial pepperweed",,,"Marin","37.83338166666667","-122.54401000000001",
2006,"Lepidium latifolium","Perennial pepperweed",,,"Marin","37.833450000000006","-122.54455666666667",
2006,"Lepidium latifolium","Perennial pepperweed",,"0","Marin","37.83338166666667","-122.54401000000001",
2006,"Lepidium latifolium","Perennial pepperweed",,"0","Marin","37.83338166666667","-122.54401000000001",
2006,"Lepidium latifolium","Perennial pepperweed",,,"San Mateo","37.619705","-122.493175",
2006,"Lepidium latifolium","Perennial pepperweed",,,"San Mateo","37.61889","-122.48815",
2006,"Lepidium latifolium","Perennial pepperweed",,,"San Mateo","37.618506","-122.486",
2006,"Lepidium latifolium","Perennial pepperweed",,,"Marin","37.82947999044543","-122.53424782767851",
2006,"Lepidium latifolium","Perennial pepperweed",,,"Marin","37.82959297706858","-122.53022815342959",
2006,"Lepidium latifolium","Perennial pepperweed",,1,"Alameda",37.748491,-122.194147,
2006,"Lepidium latifolium","Perennial pepperweed",,"0","Marin","37.832925","-122.54146833",
2006,"Lepidium latifolium","Perennial pepperweed",,"0","Marin","37.83200667","-122.54149167",
2006,"Lepidium latifolium","Perennial pepperweed",,"0","Marin","37.832275","-122.54092",
2006,"Lepidium latifolium","Perennial pepperweed",,,"Marin","37.83400333","-122.54489333",
2006,"Lepidium latifolium","Perennial pepperweed",,,"Marin","37.83420333","-122.545145",
2006,"Lepidium latifolium","Perennial pepperweed",,,"Marin","37.83467","-122.54675167",
2006,"Lepidium latifolium","Perennial pepperweed",,,"Marin","37.83478667","-122.546475",
2006,"Lepidium latifolium","Perennial pepperweed",,,"Marin","37.83334833","-122.54431833",
2006,"Lepidium latifolium","Perennial pepperweed",,,"Marin","37.833465","-122.54404",
2006,"Lepidium latifolium","Perennial pepperweed",,,"Marin","37.833595","-122.54483833",
2006,"Lepidium latifolium","Perennial pepperweed",,,"Marin","37.83287833","-122.54226",
2006,"Lepidium latifolium","Perennial pepperweed",,,"Marin","37.832925","-122.54146833",
2006,"Lepidium latifolium","Perennial pepperweed",,,"Marin","37.8325","-122.54240833",
2006,"Lepidium latifolium","Perennial pepperweed",,,"Marin","37.8325016","-122.54135",
2006,"Lepidium latifolium","Perennial pepperweed",,,"Marin","37.832275","-122.54092",
2006,"Lepidium latifolium","Perennial pepperweed",,"0","Marin","37.83188833","-122.540924",
2006,"Lepidium latifolium","Perennial pepperweed",,,"Marin","37.83188833","-122.540924",
2006,"Lepidium latifolium","Perennial pepperweed",,,"Marin","37.83200667","-122.54149167",
2006,"Lepidium latifolium","Perennial pepperweed",,,"Marin","37.83266","-122.543085",
2006,"Lepidium latifolium","Perennial pepperweed",,,"Marin","37.83397","-122.53421",
2006,"Lepidium latifolium","Perennial pepperweed",,,"Marin","37.84254667","-122.53301167",
2006,"Lepidium latifolium","Perennial pepperweed",,,"Marin","37.83519","-122.53730667",
2006,"Lepidium latifolium","Perennial pepperweed",,,"Marin","37.83375667","-122.53460833",
2006,"Lepidium latifolium","Perennial pepperweed",,,"Marin","37.83321667","-122.53526333",
2006,"Lepidium latifolium","Perennial pepperweed",,,"Marin","37.828685","-122.53497833",
2006,"Lepidium latifolium","Perennial pepperweed",,,"San Francisco","37.821993681558446","-122.53006144381094",
2006,"Lepidium latifolium","Perennial pepperweed",,,"Marin","37.82302666666667","-122.53330666666668",
2006,"Lepidium latifolium","Perennial pepperweed",,,"San Francisco","37.82101284125435","-122.53048586353995",
2006,"Lepidium latifolium","Perennial pepperweed",,,"San Francisco","37.82095817780945","-122.52947175485869",
2006,"Lepidium latifolium","Perennial pepperweed",,,"San Francisco","37.82092666666667","-122.53014499999999",
2006,"Lepidium latifolium","Perennial pepperweed",,,"San Francisco","37.820771666666666","-122.53000166666668",
2006,"Lepidium latifolium","Perennial pepperweed",,,"San Francisco","37.81966666666667","-122.530195",
2006,"Lepidium latifolium","Perennial pepperweed",,,"San Francisco","37.81973333333334","-122.53071833333334",
2006,"Lepidium latifolium","Perennial pepperweed",,,"San Francisco","37.8193112975814","-122.52994499070564",
2006,"Lepidium latifolium","Perennial pepperweed",,,"San Francisco","37.81867833333334","-122.53027666666667",
2006,"Lepidium latifolium","Perennial pepperweed",,,"Marin","37.82483508412095","-122.5122249650785",
2006,"Lepidium latifolium","Perennial pepperweed",,,"San Mateo","37.620165","-122.49228333333333",
2006,"Lepidium latifolium","Perennial pepperweed",,,"San Mateo","37.61995666666667","-122.49272166666667",
2006,"Lepidium latifolium","Perennial pepperweed",,,"San Mateo","37.61996333333333","-122.492065",
2006,"Lepidium latifolium","Perennial pepperweed",,,"San Mateo","37.61996833333333","-122.49250333333333",
2006,"Lepidium latifolium","Perennial pepperweed",,"1+","Marin","38.02513841","-122.8798073",
2006,"Lepidium latifolium","Perennial pepperweed",,"1+","Marin","38.02513841","-122.8798073",
2006,"Lepidium latifolium","Perennial pepperweed",,"1+","Marin","38.02513841","-122.8798073",
2006,"Lepidium latifolium","Perennial pepperweed",,"1+","Marin","38.03124611","-122.9506608",
2006,"Lepidium latifolium","Perennial pepperweed",,"0","Marin","37.824585000000006","-122.52977333333335",
2006,"Lepidium latifolium","Perennial pepperweed",,"0","Marin","37.824585000000006","-122.52977333333335",
2006,"Lepidium latifolium","Perennial pepperweed",,"0","Marin","37.82461666666667","-122.53096333333333",
2006,"Lepidium latifolium","Perennial pepperweed",,,"Marin","37.824585000000006","-122.52977333333335",
2006,"Lepidium latifolium","Perennial pepperweed",,,"Marin","37.82461666666667","-122.53096333333333",
2006,"Lepidium latifolium","Perennial pepperweed",,,"San Francisco","37.81877666666667","-122.53024166666667",
2006,"Lepidium latifolium","Perennial pepperweed",,,"San Francisco","37.81870666666667","-122.52996166666665",
2007,"Lepidium latifolium","Perennial pepperweed",,"1+","San Mateo","37.2611","-122.404",
2007,"Lepidium latifolium","Perennial pepperweed",,,"Marin","37.82440666666667","-122.52990833333334",
2007,"Lepidium latifolium","Perennial pepperweed",,,"Marin","37.82441333333334","-122.52973333333333",
2007,"Lepidium latifolium","Perennial pepperweed",,,"Marin","37.82441333333334","-122.52973333333333",
2007,"Lepidium latifolium","Perennial pepperweed",,,"Marin","37.82441333333334","-122.52973333333333",
2007,"Lepidium latifolium","Perennial pepperweed",,1,"San Francisco",37.81124,-122.368229,
2007,"Lepidium latifolium","Perennial pepperweed",,"1+","San Francisco","37.81124","-122.368229",
2007,"Lepidium latifolium","Perennial pepperweed",,"0","Marin","37.82391500000001","-122.52739500000001",
2007,"Lepidium latifolium","Perennial pepperweed",,,"Marin","37.82391500000001","-122.52739500000001",
2007,"Lepidium latifolium","Perennial pepperweed",,,"Marin","37.82456143841227","-122.52734818268544",
2007,"Lepidium latifolium","Perennial pepperweed",,"1+","Marin","37.99809724","-123.0142028",
2007,"Lepidium latifolium","Perennial pepperweed",,"1+","Marin","37.99809724","-123.0142028",
2007,"Lepidium latifolium","Perennial pepperweed",,"1+","Marin","37.99688089","-123.0105238",
2007,"Lepidium latifolium","Perennial pepperweed",,"1+","Marin","38.02513841","-122.8798073",
2007,"Lepidium latifolium","Perennial pepperweed",,"1+","Marin","37.996502","-123.0138494",
2007,"Lepidium latifolium","Perennial pepperweed",,"1+","Marin","38.02513841","-122.8798073",
2007,"Lepidium latifolium","Perennial pepperweed",,"1+","San Francisco","37.791101","-122.473969",
2007,"Lepidium latifolium","Perennial pepperweed",,"1+","Marin","37.996502","-123.0138494",
2007,"Lepidium latifolium","Perennial pepperweed",,"1+","Marin","37.996502","-123.0138494",
2007,"Lepidium latifolium","Perennial pepperweed",,,"Marin","37.862953","-122.585513",
2007,"Lepidium latifolium","Perennial pepperweed",,"1+","San Francisco","37.79943","-122.478181",
2007,"Lepidium latifolium","Perennial pepperweed",,"1+","San Francisco","37.791162","-122.483634",
2007,"Lepidium latifolium","Perennial pepperweed",,"1+","San Francisco","37.7918","-122.483107",
2007,"Lepidium latifolium","Perennial pepperweed",,"1+","San Francisco","37.803714","-122.46873",
2007,"Lepidium latifolium","Perennial pepperweed",,"1+","San Francisco","37.793768","-122.477743",
2007,"Lepidium latifolium","Perennial pepperweed",,"1+","San Francisco","37.793553","-122.473929",
2007,"Lepidium latifolium","Perennial pepperweed",,"0","San Mateo","37.613236666666666","-122.45942166666667",
2007,"Lepidium latifolium","Perennial pepperweed",,,"San Mateo","37.613236666666666","-122.45942166666667",
2007,"Lepidium latifolium","Perennial pepperweed",,"1+","San Francisco","37.78817","-122.479645",
2007,"Lepidium latifolium","Perennial pepperweed",,"1+","Marin","37.99688089","-123.0105238",
2007,"Lepidium latifolium","Perennial pepperweed",,"1+","San Francisco","37.800291","-122.471132",
2007,"Lepidium latifolium","Perennial pepperweed",,"1+","San Francisco","37.788087","-122.47918",
2007,"Lepidium latifolium","Perennial pepperweed",,"1+","San Francisco","37.794218","-122.481579",
2007,"Lepidium latifolium","Perennial pepperweed",,"1+","San Francisco","37.792335","-122.483841",
2007,"Lepidium latifolium","Perennial pepperweed",,"1+","San Francisco","37.791971","-122.482981",
2007,"Lepidium latifolium","Perennial pepperweed",,"1+","San Francisco","37.793768","-122.477743",
2007,"Lepidium latifolium","Perennial pepperweed",,"1+","Marin","38.02513841","-122.8798073",
2007,"Lepidium latifolium","Perennial pepperweed",,1,"Marin",38.01903026,-122.52104735,
2007,"Lepidium latifolium","Perennial pepperweed",,"1+","San Francisco","37.795292","-122.479879",
2007,"Lepidium latifolium","Perennial pepperweed",,1,"Marin",37.99088075,-122.45013281,
2007,"Lepidium latifolium","Perennial pepperweed",,"1+","San Francisco","37.790264","-122.484367",
2007,"Lepidium latifolium","Perennial pepperweed",,"1+","Marin","37.99688089","-123.0105238",
2007,"Lepidium latifolium","Perennial pepperweed",,"1+","Marin","38.02513841","-122.8798073",
2007,"Lepidium latifolium","Perennial pepperweed",,"1+","Marin","38.02513841","-122.8798073",
2007,"Lepidium latifolium","Perennial pepperweed",,"1+","Marin","37.996502","-123.0138494",
2007,"Lepidium latifolium","Perennial pepperweed",,,"San Francisco","37.713436","-122.499418",
2007,"Lepidium latifolium","Perennial pepperweed",,,"San Francisco","37.712481","-122.50147",
2007,"Lepidium latifolium","Perennial pepperweed",,"1+","Marin","38.02513841","-122.8798073",
2007,"Lepidium latifolium","Perennial pepperweed",,"1+","Marin","38.02513841","-122.8798073",
2007,"Lepidium latifolium","Perennial pepperweed",,"0","San Mateo","37.620165","-122.49228333333333",
2007,"Lepidium latifolium","Perennial pepperweed",,"0","San Mateo","37.61996333333333","-122.492065",
2007,"Lepidium latifolium","Perennial pepperweed",,,"San Mateo","37.640627835477495","-122.48386364806873",
2007,"Lepidium latifolium","Perennial pepperweed",,,"San Mateo","37.64139146021169","-122.48363853326268",
2007,"Lepidium latifolium","Perennial pepperweed",,"0","San Mateo","37.63687945","-122.47685141666668",
2007,"Lepidium latifolium","Perennial pepperweed",,"0","San Mateo","37.64139146021169","-122.48363853326268",
2007,"Lepidium latifolium","Perennial pepperweed",,,"San Mateo","37.63687945","-122.47685141666668",
2007,"Lepidium latifolium","Perennial pepperweed",,"1+","Marin","37.996502","-123.0138494",
2007,"Lepidium latifolium","Perennial pepperweed",,,"San Mateo","37.618516666666665","-122.48582166666665",
2007,"Lepidium latifolium","Perennial pepperweed",,"1+","Marin","38.02513841","-122.8798073",
2007,"Lepidium latifolium","Perennial pepperweed",,,"San Mateo","37.636095","-122.47421666666666",
2007,"Lepidium latifolium","Perennial pepperweed",,"0","Marin","37.993525","-122.97352666666666",
2007,"Lepidium latifolium","Perennial pepperweed",,,"Marin","37.993525","-122.97352666666666",
2007,"Lepidium latifolium","Perennial pepperweed",,"1+","Marin","38.01538476","-123.003862",
2007,"Lepidium latifolium","Perennial pepperweed",,"1+","Marin","38.02513841","-122.8798073",
2008,"Lepidium latifolium","Perennial pepperweed",,1,"San Mateo",37.408,-122.227,
2008,"Lepidium latifolium","Perennial pepperweed",,"1+","San Mateo","37.539949","-122.404861",
2008,"Lepidium latifolium","Perennial pepperweed",,1,"Marin",37.9672222,-122.6313889,
2008,"Lepidium latifolium","Perennial pepperweed",,1,"Marin",37.967222,-122.631389,
2008,"Lepidium latifolium","Perennial pepperweed",,"1+","Marin","38.02513841","-122.8798073",
2008,"Lepidium latifolium","Perennial pepperweed",,"1+","Marin","38.02513841","-122.8798073",
2008,"Lepidium latifolium","Perennial pepperweed",,"1+","Marin","37.99910696","-123.0117656",
2008,"Lepidium latifolium","Perennial pepperweed",,,"Marin","37.82899666666667","-122.53154",
2008,"Lepidium latifolium","Perennial pepperweed",,"1+","Marin","38.02513841","-122.8798073",
2008,"Lepidium latifolium","Perennial pepperweed",,1,"Marin",38.01947529,-122.51384309,
2008,"Lepidium latifolium","Perennial pepperweed",,"1+","Marin","37.996502","-123.0138494",
2008,"Lepidium latifolium","Perennial pepperweed",,"1+","San Francisco","37.797625","-122.477489",
2008,"Lepidium latifolium","Perennial pepperweed",,"1+","Marin","37.890896","-122.501302",
2008,"Lepidium latifolium","Perennial pepperweed",,"1+","Marin","37.894045","-122.503394",
2008,"Lepidium latifolium","Perennial pepperweed",,"1+","Marin","38.02195412","-122.8688066",
2008,"Lepidium latifolium","Perennial pepperweed",,"1+","Marin","38.02513841","-122.8798073",
2008,"Lepidium latifolium","Perennial pepperweed",,"1+","Marin","37.99774625","-123.0090661",
2008,"Lepidium latifolium","Perennial pepperweed",,"1+","Marin","37.99809724","-123.0142028",
2008,"Lepidium latifolium","Perennial pepperweed",,"1+","Marin","38.02513841","-122.8798073",
2008,"Lepidium latifolium","Perennial pepperweed",,1,"Marin",38.122127,-122.558112,
2008,"Lepidium latifolium","Perennial pepperweed",,"1+","Marin","38.00011655","-123.0102053",
2008,"Lepidium latifolium","Perennial pepperweed",,"1+","Marin","38.00154072","-123.0084515",
2008,"Lepidium latifolium","Perennial pepperweed",,1,"Marin",37.929529,-122.682309,
2008,"Lepidium latifolium","Perennial pepperweed",,"1+","Marin","37.99964775","-123.0116062",
2008,"Lepidium latifolium","Perennial pepperweed",,"1+","San Francisco","37.790847","-122.473403",
2008,"Lepidium latifolium","Perennial pepperweed",,"1+","Marin","37.996502","-123.0138494",
2008,"Lepidium latifolium","Perennial pepperweed",,"1+","Marin","37.99955788","-123.0084854",
2008,"Lepidium latifolium","Perennial pepperweed",,,"Marin","37.83400167316653","-122.53773245687808",
2008,"Lepidium latifolium","Perennial pepperweed",,,"Marin","37.83408606764864","-122.53719266589232",
2008,"Lepidium latifolium","Perennial pepperweed",,,"Marin","37.83410216318955","-122.53774519323919",
2008,"Lepidium latifolium","Perennial pepperweed",,,"Marin","37.83413779080341","-122.5370933465266",
2008,"Lepidium latifolium","Perennial pepperweed",,,"Marin","37.83508747347875","-122.53844055271747",
2008,"Lepidium latifolium","Perennial pepperweed",,1,"Marin",37.93263237,-122.69128918,
2008,"Lepidium latifolium","Perennial pepperweed",,1,"Marin",37.92808417,-122.68242356,
2008,"Lepidium latifolium","Perennial pepperweed",,1,"Marin",37.93263237,-122.69128918,
2008,"Lepidium latifolium","Perennial pepperweed",,"1+","Marin","38.00154072","-123.0084515",
2008,"Lepidium latifolium","Perennial pepperweed",,"1+","Marin","37.996502","-123.0138494",
2008,"Lepidium latifolium","Perennial pepperweed",,1,"Marin",38.01982532,-122.51973537,
2008,"Lepidium latifolium","Perennial pepperweed",,1,"Marin",38.02030631,-122.5176527,
2008,"Lepidium latifolium","Perennial pepperweed",,1,"Marin",38.0184841,-122.52284389,
2008,"Lepidium latifolium","Perennial pepperweed",,1,"Marin",38.01935085,-122.52157385,
2008,"Lepidium latifolium","Perennial pepperweed",,1,"Marin",38.01723865,-122.50748748,
2008,"Lepidium latifolium","Perennial pepperweed",,1,"Marin",38.02017706,-122.51827858,
2008,"Lepidium latifolium","Perennial pepperweed",,1,"Marin",38.02011169,-122.51890812,
2008,"Lepidium latifolium","Perennial pepperweed",,,"Marin","37.82938803043018","-122.48470811356317",
2008,"Lepidium latifolium","Perennial pepperweed",,"1+","Marin","38.02513841","-122.8798073",
2008,"Lepidium latifolium","Perennial pepperweed",,"1+","Marin","37.99955788","-123.0084854",
2008,"Lepidium latifolium","Perennial pepperweed",,"1+","Marin","38.00154072","-123.0084515",
2008,"Lepidium latifolium","Perennial pepperweed",,0,"Marin",38.01420533,-122.51029169,
2008,"Lepidium latifolium","Perennial pepperweed",,"1+","San Francisco","37.794107","-122.477014",
2008,"Lepidium latifolium","Perennial pepperweed",,"1+","Marin","37.99955788","-123.0084854",
2008,"Lepidium latifolium","Perennial pepperweed",,"1+","Marin","38.02513841","-122.8798073",
2008,"Lepidium latifolium","Perennial pepperweed",,,"Marin","37.82489422638674","-122.52615537612711",
2008,"Lepidium latifolium","Perennial pepperweed",,,"Marin","37.82521916666667","-122.5272865",
2008,"Lepidium latifolium","Perennial pepperweed",,"1+","Marin","37.996502","-123.0138494",
2008,"Lepidium latifolium","Perennial pepperweed",,"1+","Marin","37.996502","-123.0138494",
2008,"Lepidium latifolium","Perennial pepperweed",,1,"San Francisco",37.745934,-122.375526,
2008,"Lepidium latifolium","Perennial pepperweed",,"1+","Marin","38.02513841","-122.8798073",
2008,"Lepidium latifolium","Perennial pepperweed",,"1+","Marin","38.026365","-122.883672",
2008,"Lepidium latifolium","Perennial pepperweed",,"1+","Marin","38.02677667","-122.8872313",
2008,"Lepidium latifolium","Perennial pepperweed",,"1+","Marin","38.0276261","-122.8920268",
2008,"Lepidium latifolium","Perennial pepperweed",,"1+","Marin","38.02837776","-122.8959507",
2008,"Lepidium latifolium","Perennial pepperweed",,,"Marin","37.84240833333333","-122.54065000000001",
2008,"Lepidium latifolium","Perennial pepperweed",,"1+","Marin","37.93584533","-122.7501867",
2008,"Lepidium latifolium","Perennial pepperweed",,"1+","Marin","37.93537333","-122.7498",
2008,"Lepidium latifolium","Perennial pepperweed",,,"Marin","37.84028316666666","-122.53525450000001",
2008,"Lepidium latifolium","Perennial pepperweed",,"1+","Marin","38.15442333","-122.9475883",
2008,"Lepidium latifolium","Perennial pepperweed",,"1+","Marin","38.15548765","-122.9484579",
2008,"Lepidium latifolium","Perennial pepperweed",,"1+","Marin","38.02510667","-122.9660212",
2008,"Lepidium latifolium","Perennial pepperweed",,"1+","Marin","38.02536485","-122.9655663",
2008,"Lepidium latifolium","Perennial pepperweed",,"1+","Marin","38.02570556","-122.9648757",
2008,"Lepidium latifolium","Perennial pepperweed",,"1+","Marin","38.027652","-122.963968",
2008,"Lepidium latifolium","Perennial pepperweed",,"1+","Marin","37.996502","-123.0138494",
2008,"Lepidium latifolium","Perennial pepperweed",,"1+","Marin","38.01538476","-123.003862",
2008,"Lepidium latifolium","Perennial pepperweed",,"1+","Marin","37.99774625","-123.0090661",
2008,"Lepidium latifolium","Perennial pepperweed",,"1+","Marin","37.99774625","-123.0090661",
2008,"Lepidium latifolium","Perennial pepperweed",,,"San Mateo","37.62838","-122.46354666666664",
2008,"Lepidium latifolium","Perennial pepperweed",,"1+","Marin","37.99774625","-123.0090661",
2008,"Lepidium latifolium","Perennial pepperweed",,"1+","Marin","37.99774625","-123.0090661",
2008,"Lepidium latifolium","Perennial pepperweed",,"1+","Marin","37.99774625","-123.0090661",
2008,"Lepidium latifolium","Perennial pepperweed",,"1+","Marin","37.99798981","-123.0055353",
2008,"Lepidium latifolium","Perennial pepperweed",,"1+","Marin","37.99897214","-123.0070275",
2008,"Lepidium latifolium","Perennial pepperweed",,"1+","Marin","37.99955788","-123.0084854",
2008,"Lepidium latifolium","Perennial pepperweed",,,"Marin","37.824585000000006","-122.52977333333335",
2008,"Lepidium latifolium","Perennial pepperweed",,"0","Marin","37.824585000000006","-122.52977333333335",
2008,"Lepidium latifolium","Perennial pepperweed",,"1+","Marin","37.99955788","-123.0084854",
2008,"Lepidium latifolium","Perennial pepperweed",,"1+","Marin","37.99955788","-123.0084854",
2008,"Lepidium latifolium","Perennial pepperweed",,"1+","Marin","38.00154063","-123.0097158",
2008,"Lepidium latifolium","Perennial pepperweed",,"0","Marin","37.83071166666667","-122.52228333333332",
2008,"Lepidium latifolium","Perennial pepperweed",,,"Marin","37.83071166666667","-122.52228333333332",
2008,"Lepidium latifolium","Perennial pepperweed",,"1+","Marin","37.99955788","-123.0084854",
2008,"Lepidium latifolium","Perennial pepperweed",,"1+","Marin","38.00179288","-123.010889",
2008,"Lepidium latifolium","Perennial pepperweed",,"1+","San Francisco","37.802427","-122.463199",
2008,"Lepidium latifolium","Perennial pepperweed",,"1+","Marin","38.00154072","-123.0084515",
2008,"Lepidium latifolium","Perennial pepperweed",,"1+","Marin","38.00154072","-123.0084515",
2008,"Lepidium latifolium","Perennial pepperweed",,"1+","Marin","37.99955788","-123.0084854",
2008,"Lepidium latifolium","Perennial pepperweed",,"1+","Marin","38.00105403","-123.0084058",
2008,"Lepidium latifolium","Perennial pepperweed",,"1+","Marin","38.00154072","-123.0084515",
2008,"Lepidium latifolium","Perennial pepperweed",,"1+","Marin","37.99889959","-123.0124489",
2008,"Lepidium latifolium","Perennial pepperweed",,"1+","Marin","37.99809724","-123.0142028",
2008,"Lepidium latifolium","Perennial pepperweed",,"1+","Marin","37.99809724","-123.0142028",
2008,"Lepidium latifolium","Perennial pepperweed",,"1+","Marin","38.00269444","-123.0075518",
2008,"Lepidium latifolium","Perennial pepperweed",,,"Marin","38.1186505","-122.95439883333331",
2008,"Lepidium latifolium","Perennial pepperweed",,,"Marin","37.829443333333344","-122.48404166666663",
2008,"Lepidium latifolium","Perennial pepperweed",,"1+","Marin","38.08667517","-122.9522333",
2008,"Lepidium latifolium","Perennial pepperweed",,"1+","Marin","38.0951555","-122.9377068",
2008,"Lepidium latifolium","Perennial pepperweed",,"1+","Marin","38.04273371","-122.9792943",
2008,"Lepidium latifolium","Perennial pepperweed",,"1+","Marin","37.996502","-123.0138494",
2008,"Lepidium latifolium","Perennial pepperweed",,"1+","Marin","37.996502","-123.0138494",
2008,"Lepidium latifolium","Perennial pepperweed",,"1+","Marin","37.996502","-123.0138494",
2008,"Lepidium latifolium","Perennial pepperweed",,"1+","Marin","37.996502","-123.0138494",
2008,"Lepidium latifolium","Perennial pepperweed",,"1+","Marin","37.996502","-123.0138494",
2008,"Lepidium latifolium","Perennial pepperweed",,"1+","Marin","37.99809724","-123.0142028",
2008,"Lepidium latifolium","Perennial pepperweed",,"1+","Marin","37.99809724","-123.0142028",
2009,"Lepidium latifolium","Perennial pepperweed",,1,"Alameda",37.7537317167,-122.2495525497,
2009,"Lepidium latifolium","Perennial pepperweed",,1,"Alameda",37.7420959486,-122.2100956744,
2009,"Lepidium latifolium","Perennial pepperweed",,1,"Alameda",37.6775020758,-122.1679822746,
2009,"Lepidium latifolium","Perennial pepperweed",,1,"Alameda",37.7418637784,-122.2106004367,
2009,"Lepidium latifolium","Perennial pepperweed",,1,"Alameda",37.8244807292,-122.3181968178,
2009,"Lepidium latifolium","Perennial pepperweed",,1,"Alameda",37.8245607822,-122.317868239,
2009,"Lepidium latifolium","Perennial pepperweed",,1,"Alameda",37.8256992142,-122.3162296474,
2009,"Lepidium latifolium","Perennial pepperweed",,1,"Alameda",37.8413199496,-122.2977933813,
2009,"Lepidium latifolium","Perennial pepperweed",,1,"Alameda",37.8245090968,-122.3172796997,
2009,"Lepidium latifolium","Perennial pepperweed",,1,"Alameda",37.6821580607,-122.1737089918,
2009,"Lepidium latifolium","Perennial pepperweed",,1,"Alameda",37.8603004981,-122.3052656571,
2009,"Lepidium latifolium","Perennial pepperweed",,1,"Alameda",37.8626455266,-122.3036269991,
2009,"Lepidium latifolium","Perennial pepperweed",,1,"Alameda",37.8411969,-122.29783533,
2009,"Lepidium latifolium","Perennial pepperweed",,1,"Alameda",37.74647189,-122.20093776,
2009,"Lepidium latifolium","Perennial pepperweed",,1,"Alameda",37.74597919,-122.2002662,
2009,"Lepidium latifolium","Perennial pepperweed",,1,"Alameda",37.71549714,-122.20275792,
2009,"Lepidium latifolium","Perennial pepperweed",,1,"Alameda",37.65293567,-122.1467093,
2009,"Lepidium latifolium","Perennial pepperweed",,1,"Alameda",37.73522512,-122.25476622,
2009,"Lepidium latifolium","Perennial pepperweed",,1,"Alameda",37.73276084,-122.25089759,
2009,"Lepidium latifolium","Perennial pepperweed",,1,"Alameda",37.75930551,-122.22261741,
2009,"Lepidium latifolium","Perennial pepperweed",,1,"Alameda",37.75958022,-122.22026557,
2009,"Lepidium latifolium","Perennial pepperweed",,1,"Alameda",37.86367394,-122.30125723,
2009,"Lepidium latifolium","Perennial pepperweed",,1,"Alameda",37.67160407,-122.1651716726,
2009,"Lepidium latifolium","Perennial pepperweed",,1,"Alameda",37.67896078,-122.17169596,
2009,"Lepidium latifolium","Perennial pepperweed",,1,"Alameda",37.64485961,-122.15446316,
2009,"Lepidium latifolium","Perennial pepperweed",,1,"Alameda",37.7429848,-122.20721432,
2009,"Lepidium latifolium","Perennial pepperweed",,1,"Alameda",37.74059673,-122.21092214,
2009,"Lepidium latifolium","Perennial pepperweed",,1,"Alameda",37.67093681,-122.16463878,
2009,"Lepidium latifolium","Perennial pepperweed",,1,"Alameda",37.74054175,-122.21101501,
2009,"Lepidium latifolium","Perennial pepperweed",,1,"Alameda",37.82519833,-122.31721693,
2009,"Lepidium latifolium","Perennial pepperweed",,1,"Alameda",37.82554894,-122.31633624,
2009,"Lepidium latifolium","Perennial pepperweed",,"1+","Marin","37.931719","-122.676773",
2009,"Lepidium latifolium","Perennial pepperweed",,"1+","San Francisco","37.715288","-122.392689",
2009,"Lepidium latifolium","Perennial pepperweed",,"1+","San Francisco","37.742866","-122.507986",
2009,"Lepidium latifolium","Perennial pepperweed",,"1+","Marin","37.99809724","-123.0142028",
2009,"Lepidium latifolium","Perennial pepperweed",,"1+","Marin","38.00269444","-123.0075518",
2009,"Lepidium latifolium","Perennial pepperweed",,"1+","Marin","37.9998194","-123.0061391",
2009,"Lepidium latifolium","Perennial pepperweed",,,"San Francisco","37.81877666666667","-122.53024166666667",
2009,"Lepidium latifolium","Perennial pepperweed",,"130","San Francisco","37.81877666666667","-122.53024166666667",
2009,"Lepidium latifolium","Perennial pepperweed",,"1+","Marin","37.99889959","-123.0124489",
2009,"Lepidium latifolium","Perennial pepperweed",,"1+","Marin","37.99752003","-123.0170842",
2009,"Lepidium latifolium","Perennial pepperweed",,"1+","Marin","37.99809724","-123.0142028",
2009,"Lepidium latifolium","Perennial pepperweed",,"1+","Marin","37.99809724","-123.0142028",
2009,"Lepidium latifolium","Perennial pepperweed",,"1+","Marin","37.99897214","-123.0070275",
2009,"Lepidium latifolium","Perennial pepperweed",,"1+","Marin","38.00154072","-123.0084515",
2009,"Lepidium latifolium","Perennial pepperweed",,"1+","Marin","37.99752003","-123.0170842",
2009,"Lepidium latifolium","Perennial pepperweed",,"1+","Marin","37.99809724","-123.0142028",
2009,"Lepidium latifolium","Perennial pepperweed",,"1+","San Francisco","37.784139","-122.506259",
2009,"Lepidium latifolium","Perennial pepperweed",,"1+","Marin","38.02784","-122.8839915",
2009,"Lepidium latifolium","Perennial pepperweed",,"1+","Marin","38.02814733","-122.8842527",
2009,"Lepidium latifolium","Perennial pepperweed",,"1+","San Francisco","37.794218","-122.481579",
2009,"Lepidium latifolium","Perennial pepperweed",,"1+","San Francisco","37.795292","-122.479879",
2009,"Lepidium latifolium","Perennial pepperweed",,"1+","San Francisco","37.79094","-122.474174",
2009,"Lepidium latifolium","Perennial pepperweed",,"1+","San Francisco","37.791392","-122.47441",
2009,"Lepidium latifolium","Perennial pepperweed",,"1","Marin","37.93426","-122.69646166666668",
2009,"Lepidium latifolium","Perennial pepperweed",,,"Marin","37.93426","-122.69646166666668",
2009,"Lepidium latifolium","Perennial pepperweed",,"1+","San Mateo","37.696317","-122.497751",
2009,"Lepidium latifolium","Perennial pepperweed",,"1","Marin",38.10022144,-122.54112104,
2009,"Lepidium latifolium","Perennial pepperweed",,"1","Alameda",37.8498374154,-122.2985920094,
2009,"Lepidium latifolium","Perennial pepperweed",,400,"Marin",38.10024915,-122.54109824,
2009,"Lepidium latifolium","Perennial pepperweed",,"1+","San Mateo","37.596542","-122.505111",
2009,"Lepidium latifolium","Perennial pepperweed",,"1","Alameda",37.7357017269,-122.2559590616,
2009,"Lepidium latifolium","Perennial pepperweed",,"1","Alameda",37.8978767395,-122.3085784912,
2009,"Lepidium latifolium","Perennial pepperweed",,"1","Alameda",37.8978691101,-122.3086090088,
2009,"Lepidium latifolium","Perennial pepperweed",,"","Marin",38.1003432,-122.54125018,
2009,"Lepidium latifolium","Perennial pepperweed",,"1","Alameda",37.7534616294,-122.2489202933,
2009,"Lepidium latifolium","Perennial pepperweed",,"1","Alameda",37.75234826,-122.24529407,
2009,"Lepidium latifolium","Perennial pepperweed",,"1","Alameda",37.76841114,-122.27679569,
2009,"Lepidium latifolium","Perennial pepperweed",,"1","Alameda",37.7685137,-122.27714073,
2009,"Lepidium latifolium","Perennial pepperweed",,"1","Alameda",37.76678856,-122.27521069,
2009,"Lepidium latifolium","Perennial pepperweed",,"1","Alameda",37.8650001479,-122.3098674848,
2009,"Lepidium latifolium","Perennial pepperweed",,"1","Alameda",37.8651990338,-122.3091257593,
2009,"Lepidium latifolium","Perennial pepperweed",,"1","Alameda",37.86523082,-122.30936485,
2009,"Lepidium latifolium","Perennial pepperweed",,"1","Alameda",37.86529398,-122.30881296,
2009,"Lepidium latifolium","Perennial pepperweed",,"1","Alameda",37.86536672,-122.30841429,
2009,"Lepidium latifolium","Perennial pepperweed",,"1","Alameda",37.86538549,-122.30781855,
2009,"Lepidium latifolium","Perennial pepperweed",,"1","Alameda",37.8654749588,-122.3075327305,
2009,"Lepidium latifolium","Perennial pepperweed",,"1","Alameda",37.8655372163,-122.307202524,
2009,"Lepidium latifolium","Perennial pepperweed",,"1","Alameda",37.8694601136,-122.3132863139,
2009,"Lepidium latifolium","Perennial pepperweed",,"1","Alameda",37.877721651,-122.3097556101,
2009,"Lepidium latifolium","Perennial pepperweed",,"1","Alameda",37.8777082633,-122.3097374864,
2009,"Lepidium latifolium","Perennial pepperweed",,"1+","San Francisco","37.790681","-122.456856",
2009,"Lepidium latifolium","Perennial pepperweed",,"1+","San Francisco","37.795544","-122.475834",
2009,"Lepidium latifolium","Perennial pepperweed",,"1+","San Francisco","37.796825","-122.480005",
2009,"Lepidium latifolium","Perennial pepperweed",,"1+","San Francisco","37.787988","-122.479113",
2009,"Lepidium latifolium","Perennial pepperweed",,"1+","San Francisco","37.793304","-122.458813",
2009,"Lepidium latifolium","Perennial pepperweed",,"1+","San Francisco","37.793232","-122.482836",
2009,"Lepidium latifolium","Perennial pepperweed",,"1+","San Francisco","37.8003","-122.471132",
2009,"Lepidium latifolium","Perennial pepperweed",,"1+","San Francisco","37.804927","-122.45791",
2009,"Lepidium latifolium","Perennial pepperweed",,"1+","San Francisco","37.803888","-122.467165",
2009,"Lepidium latifolium","Perennial pepperweed",,"1+","San Francisco","37.803037","-122.478542",
2009,"Lepidium latifolium","Perennial pepperweed",,"1+","San Francisco","37.793568","-122.477415",
2009,"Lepidium latifolium","Perennial pepperweed",,"1+","San Francisco","37.798173","-122.479166",
2009,"Lepidium latifolium","Perennial pepperweed",,1,"Alameda",37.87311531,-122.30829267,
2009,"Lepidium latifolium","Perennial pepperweed",,1,"Alameda",37.86300293,-122.30400409,
2009,"Lepidium latifolium","Perennial pepperweed",,1,"Alameda",37.86210837,-122.30348727,
2009,"Lepidium latifolium","Perennial pepperweed",,1,"Alameda",37.86314675,-122.30485885,
2009,"Lepidium latifolium","Perennial pepperweed",,"1+","San Francisco","37.714356","-122.501424",
2009,"Lepidium latifolium","Perennial pepperweed",,1,"Alameda",37.5877465,-121.8914117,
2009,"Lepidium latifolium","Perennial pepperweed",,1,"Alameda",37.5901642,-121.8864428,
2009,"Lepidium latifolium","Perennial pepperweed",,1,"Alameda",37.5904894,-121.8861472,
2009,"Aster lentus","Suisun marsh aster",,1,"Alameda",37.5740804,-121.8242699,
2009,"Symphyotrichum lentum","Suisun marsh aster",,1,"Alameda",37.5740337,-121.8223964,
2009,"Symphyotrichum lentum","Suisun marsh aster",,1,"Alameda",37.5739399,-121.8233818,
2009,"Symphyotrichum lentum","Suisun marsh aster",,1,"Alameda",37.5906867,-121.8860516,
2009,"Symphyotrichum lentum","Suisun marsh aster",,1,"Alameda",37.5944946,-121.8173801,
2009,"Symphyotrichum lentum","Suisun marsh aster",,"1+","San Mateo","37.580162","-122.4234725",
2009,"Symphyotrichum lentum","Suisun marsh aster",,"1+","San Mateo","37.5858095","-122.4100758",
2015,"Aster lentus","Suisun marsh aster",,"","Alameda",37.8652809,-122.3096494,
2015,"Symphyotrichum lentum","Suisun marsh aster",11,50,"Alameda",37.8636174,-122.3012687,
2015,"Symphyotrichum lentum","Suisun marsh aster",11,50,"Alameda",37.8694458,-122.313319,
2015,"Symphyotrichum lentum","Suisun marsh aster",2,10,"Alameda",37.8821136,-122.305057,
2015,"Symphyotrichum lentum","Suisun marsh aster",11,50,"Alameda",37.8649489,-122.3069158,
2015,"Symphyotrichum lentum","Suisun marsh aster",,"1+","Marin","38.1089","-122.849598",
